iter	MultiClass
0	1.361776263
1	1.338272763
2	1.316519588
3	1.29570694
4	1.276053018
5	1.257445001
